종목코드,종목명,시장구분,업종명,종가,대비,등락률,시가총액
"095570","AJ네트웍스","KOSPI","서비스업","5800","-10","-0.17","271569311000"
"006840","AK홀딩스","KOSPI","기타금융","28000","-400","-1.41","370931708000"
"027410","BGF","KOSPI","기타금융","6230","-20","-0.32","596315607930"
"282330","BGF리테일","KOSPI","유통업","163000","500","0.31","2817276678000"
"138930","BNK금융지주","KOSPI","기타금융","7670","170","2.27","2499923336820"
"001460","BYC","KOSPI","섬유의복","394000","8000","2.07","246098310000"
"001465","BYC우","KOSPI","섬유의복","178000","1500","0.85","38338530000"
"001040","CJ","KOSPI","기타금융","100500","0","0.00","2932288299000"
"079160","CJ CGV","KOSPI","서비스업","30200","-400","-1.31","1060020000000"
"00104K","CJ4우(전환)","KOSPI","기타금융","85300","-700","-0.81","360521473600"
"000120","CJ대한통운","KOSPI","운수창고업","181000","-1500","-0.82","4129034264000"
"011150","CJ씨푸드","KOSPI","음식료품","4735","-65","-1.35","170132210155"
"011155","CJ씨푸드1우","KOSPI","음식료품","41600","-200","-0.48","8320000000"
"001045","CJ우","KOSPI","기타금융","64000","-300","-0.47","144654272000"
"097950","CJ제일제당","KOSPI","음식료품","464000","-6500","-1.38","6985142304000"
"097955","CJ제일제당 우","KOSPI","음식료품","208500","0","0.00","276769780500"
"000590","CS홀딩스","KOSPI","기타금융","68000","-200","-0.29","78504776000"
"012030","DB","KOSPI","서비스업","1280","35","2.81","257502634240"
"016610","DB금융투자","KOSPI","증권","6920","-70","-1.00","293729011880"
"005830","DB손해보험","KOSPI","보험","55800","1500","2.76","3950640000000"
"000990","DB하이텍","KOSPI","전기전자","61800","-1500","-2.37","2743832738400"
"000995","DB하이텍1우","KOSPI","전기전자","115500","500","0.43","12972498000"
"139130","DGB금융지주","KOSPI","기타금융","9100","100","1.11","1539227080300"
"001530","DI동일","KOSPI","유통업","266500","-3500","-1.30","669089557500"
"000210","DL","KOSPI","기타금융","77300","-800","-1.02","1619889833200"
"001880","DL건설","KOSPI","건설업","34000","-400","-1.16","749811656000"
"000215","DL우","KOSPI","기타금융","46200","0","0.00","77898513000"
"375500","DL이앤씨","KOSPI","건설업","144500","-2000","-1.37","2797337641000"
"37550K","DL이앤씨우","KOSPI","건설업","80200","-500","-0.62","169533577000"
"004840","DRB동일","KOSPI","화학","7340","0","0.00","146286200000"
"155660","DSR","KOSPI","철강금속","6490","-50","-0.76","103840000000"
"069730","DSR제강","KOSPI","철강금속","6220","-130","-2.05","89568000000"
"017940","E1","KOSPI","유통업","55100","-200","-0.36","377986000000"
"365550","ESR켄달스퀘어리츠","KOSPI","서비스업","7140","10","0.14","1022869260000"
"383220","F&F","KOSPI","섬유의복","586000","-17000","-2.82","4489589190000"
"007700","F&F홀딩스","KOSPI","섬유의복","37500","150","0.40","290196937500"
"114090","GKL","KOSPI","서비스업","16000","0","0.00","989690720000"
"078930","GS","KOSPI","기타금융","43750","200","0.46","4065047787500"
"006360","GS건설","KOSPI","건설업","44800","800","1.82","3834050752000"
"001250","GS글로벌","KOSPI","유통업","2775","-20","-0.72","229031195100"
"007070","GS리테일","KOSPI","유통업","35600","-200","-0.56","3727958023200"
"078935","GS우","KOSPI","기타금융","36550","-100","-0.27","65235390300"
"012630","HDC","KOSPI","기타금융","12450","-50","-0.40","743784426450"
"039570","HDC아이콘트롤스","KOSPI","건설업","13800","-200","-1.43","227148000000"
"089470","HDC현대EP","KOSPI","화학","5860","0","0.00","186934000000"
"294870","HDC현대산업개발","KOSPI","건설업","30900","-100","-0.32","2036536497000"
"011200","HMM","KOSPI","운수창고업","41900","450","1.09","16985945205300"
"082740","HSD엔진","KOSPI","기계","8380","-240","-2.78","391524041480"
"003560","IHQ","KOSPI","서비스업","1860","-50","-2.62","271998491280"
"175330","JB금융지주","KOSPI","기타금융","7700","310","4.19","1516768283800"
"234080","JW생명과학","KOSPI","의약품","18450","-200","-1.07","292147521300"
"001060","JW중외제약","KOSPI","의약품","28600","-50","-0.17","616041883600"
"001067","JW중외제약2우B","KOSPI","의약품","60600","500","0.83","5637496800"
"001065","JW중외제약우","KOSPI","의약품","41500","450","1.10","7365669000"
"096760","JW홀딩스","KOSPI","기타금융","4485","-50","-1.10","306958701270"
"105560","KB금융","KOSPI","기타금융","52500","400","0.77","21829915800000"
"002380","KCC","KOSPI","화학","329000","6500","2.02","2923648959000"
"344820","KCC글라스","KOSPI","비금속광물","64500","900","1.42","1030098024000"
"009070","KCTC","KOSPI","운수창고업","8170","10","0.12","245100000000"
"009440","KC그린홀딩스","KOSPI","기타금융","6230","110","1.80","139769925400"
"119650","KC코트렐","KOSPI","기계","9300","-200","-2.11","163680000000"
"092220","KEC","KOSPI","전기전자","2310","-45","-1.91","269593031400"
"016380","KG동부제철","KOSPI","철강금속","16450","-250","-1.50","1645146355650"
"016385","KG동부제철우","KOSPI","철강금속","127500","-2000","-1.54","6806587500"
"001390","KG케미칼","KOSPI","화학","35300","200","0.57","489473188800"
"033180","KH 필룩스","KOSPI","전기전자","3275","5","0.15","436537316175"
"001940","KISCO홀딩스","KOSPI","철강금속","21100","-150","-0.71","389851618000"
"025000","KPX케미칼","KOSPI","화학","64600","-700","-1.07","312664000000"
"092230","KPX홀딩스","KOSPI","화학","68700","-100","-0.15","290233180200"
"000040","KR모터스","KOSPI","운수장비","1235","-15","-1.20","118729649480"
"044450","KSS해운","KOSPI","운수창고업","12150","-100","-0.82","281708442000"
"030200","KT","KOSPI","통신업","33800","550","1.65","8825579110400"
"033780","KT&G","KOSPI","기타제조업","82600","0","0.00","11340360252200"
"030210","KTB투자증권","KOSPI","증권","7920","10","0.13","477687608640"
"058850","KTcs","KOSPI","서비스업","3155","15","0.48","134671175000"
"058860","KTis","KOSPI","서비스업","2910","-15","-0.51","101273820000"
"093050","LF","KOSPI","섬유의복","18500","-100","-0.54","540940000000"
"003550","LG","KOSPI","기타금융","95900","-600","-0.62","15085165228700"
"034220","LG디스플레이","KOSPI","전기전자","22900","400","1.78","8193979530000"
"051900","LG생활건강","KOSPI","화학","1495000","19000","1.29","23349204515000"
"051905","LG생활건강우","KOSPI","화학","687000","-2000","-0.29","1442491839000"
"003555","LG우","KOSPI","기타금융","73100","-200","-0.27","220880422000"
"032640","LG유플러스","KOSPI","통신업","14950","250","1.70","6527339846950"
"011070","LG이노텍","KOSPI","전기전자","225500","-6000","-2.59","5336932628500"
"066570","LG전자","KOSPI","전기전자","164000","1000","0.61","26838241496000"
"066575","LG전자우","KOSPI","전기전자","76900","300","0.39","1321602784800"
"037560","LG헬로비전","KOSPI","서비스업","7470","-220","-2.86","578528081550"
"051910","LG화학","KOSPI","화학","835000","0","0.00","58944606405000"
"051915","LG화학우","KOSPI","화학","378500","0","0.00","2910210800000"
"079550","LIG넥스원","KOSPI","기계","43650","-350","-0.80","960300000000"
"006260","LS","KOSPI","기타금융","72900","100","0.14","2347380000000"
"010120","LS ELECTRIC","KOSPI","전기전자","63800","800","1.27","1914000000000"
"000680","LS네트웍스","KOSPI","유통업","4260","-90","-2.07","335700848160"
"229640","LS전선아시아","KOSPI","기타금융","9310","130","1.42","285117623490"
"001120","LX인터내셔널","KOSPI","유통업","30850","-100","-0.32","1195746000000"
"108670","LX하우시스","KOSPI","화학","99500","-1000","-1.00","892283165000"
"108675","LX하우시스우","KOSPI","화학","43600","-600","-1.36","45009588000"
"383800","LX홀딩스","KOSPI","기타금융","10500","-200","-1.87","800947245000"
"38380K","LX홀딩스1우","KOSPI","기타금융","17500","-150","-0.85","25642487500"
"023150","MH에탄올","KOSPI","음식료품","11200","-200","-1.75","82639491200"
"035420","NAVER","KOSPI","서비스업","442000","-10000","-2.21","72604420590000"
"181710","NHN","KOSPI","서비스업","78300","-1900","-2.37","1531941457500"
"005940","NH투자증권","KOSPI","증권","12850","200","1.58","3616104197950"
"005945","NH투자증권우","KOSPI","증권","11450","0","0.00","216072583600"
"338100","NH프라임리츠","KOSPI","서비스업","4930","15","0.31","91993800000"
"034310","NICE","KOSPI","서비스업","18600","50","0.27","704610780000"
"008260","NI스틸","KOSPI","철강금속","5120","-120","-2.29","146432599040"
"004250","NPC","KOSPI","화학","5940","-310","-4.96","218116800000"
"004255","NPC우","KOSPI","화학","3420","-260","-7.07","18057600000"
"010060","OCI","KOSPI","화학","125000","5000","4.17","2981171375000"
"005490","POSCO","KOSPI","철강금속","367500","3000","0.82","32041161862500"
"010950","S-Oil","KOSPI","화학","101000","2600","2.64","11370861992000"
"010955","S-Oil우","KOSPI","화학","58300","800","1.39","234478344100"
"034120","SBS","KOSPI","서비스업","48500","-50","-0.10","885250227000"
"101060","SBS미디어홀딩스","KOSPI","서비스업","2280","-45","-1.94","318963313200"
"005090","SGC에너지","KOSPI","전기가스업","53600","-1800","-3.25","786687414400"
"001380","SG글로벌","KOSPI","운수장비","3070","-35","-1.13","138039919010"
"004060","SG세계물산","KOSPI","유통업","836","26","3.21","169227266560"
"001770","SHD","KOSPI","철강금속","26200","-50","-0.19","31829803600"
"002360","SH에너지화학","KOSPI","화학","1125","-5","-0.44","125025446250"
"009160","SIMPAC","KOSPI","기계","6680","-310","-4.43","437069166880"
"123700","SJM","KOSPI","운수장비","5130","-210","-3.93","80053126740"
"025530","SJM홀딩스","KOSPI","유통업","4605","-100","-2.13","68771106840"
"034730","SK","KOSPI","기타금융","273500","2000","0.74","19243541229500"
"011790","SKC","KOSPI","화학","159500","-4500","-2.74","6039993531000"
"018670","SK가스","KOSPI","유통업","119000","0","0.00","1098399036000"
"001740","SK네트웍스","KOSPI","유통업","6220","20","0.32","1543727164340"
"001745","SK네트웍스우","KOSPI","유통업","114500","-1500","-1.29","13012696000"
"006120","SK디스커버리","KOSPI","기타금융","49600","350","0.71","944277608000"
"006125","SK디스커버리우","KOSPI","기타금융","39200","0","0.00","53251436000"
"210980","SK디앤디","KOSPI","서비스업","36500","-250","-0.68","736940986000"
"068400","SK렌터카","KOSPI","서비스업","14950","-100","-0.66","706923308000"
"302440","SK바이오사이언스","KOSPI","의약품","166000","3500","2.15","12699000000000"
"326030","SK바이오팜","KOSPI","서비스업","120000","-2000","-1.64","9397590000000"
"361610","SK아이이테크놀로지","KOSPI","전기전자","229500","1000","0.44","16362797364000"
"03473K","SK우","KOSPI","기타금융","245500","-1500","-0.61","138986142500"
"096770","SK이노베이션","KOSPI","화학","260500","1500","0.58","24087279422000"
"096775","SK이노베이션우","KOSPI","화학","170000","-500","-0.29","212232420000"
"001510","SK증권","KOSPI","증권","978","-5","-0.51","462193187238"
"001515","SK증권우","KOSPI","증권","4590","-30","-0.65","17958439260"
"285130","SK케미칼","KOSPI","화학","244000","-2500","-1.01","2867340624000"
"28513K","SK케미칼우","KOSPI","화학","106500","-500","-0.47","155348355000"
"017670","SK텔레콤","KOSPI","통신업","311000","7000","2.30","22410704473000"
"000660","SK하이닉스","KOSPI","전기전자","114000","-2000","-1.72","82992269610000"
"064960","SNT모티브","KOSPI","운수장비","64700","-1100","-1.67","946116899200"
"100840","SNT에너지","KOSPI","기계","21750","-200","-0.91","163270964250"
"003570","SNT중공업","KOSPI","운수장비","10650","-50","-0.47","354141223050"
"036530","SNT홀딩스","KOSPI","기타금융","20250","-100","-0.49","330153691500"
"005610","SPC삼립","KOSPI","음식료품","80200","-200","-0.25","692046521800"
"011810","STX","KOSPI","유통업","7040","-170","-2.36","141280832000"
"077970","STX엔진","KOSPI","기계","12300","-500","-3.91","283009519200"
"071970","STX중공업","KOSPI","기계","6970","-30","-0.43","197710852720"
"002820","SUN&L","KOSPI","종이목재","6330","-60","-0.94","79808570370"
"084870","TBH글로벌","KOSPI","섬유의복","2495","-115","-4.41","52037763405"
"002710","TCC스틸","KOSPI","철강금속","6560","120","1.86","154160000000"
"002900","TYM","KOSPI","기계","2085","5","0.24","294745491240"
"024070","WISCOM","KOSPI","화학","4680","-90","-1.89","71727729840"
"037270","YG PLUS","KOSPI","서비스업","7030","-170","-2.36","445908752300"
"000500","가온전선","KOSPI","전기전자","33650","-500","-1.46","139995676550"
"000860","강남제비스코","KOSPI","화학","31250","-250","-0.79","203125000000"
"035250","강원랜드","KOSPI","서비스업","25950","-50","-0.19","5551755975000"
"011420","갤럭시아에스엠","KOSPI","서비스업","2155","-60","-2.71","59369482820"
"002100","경농","KOSPI","화학","17050","650","3.96","332859903750"
"009450","경동나비엔","KOSPI","전기전자","71300","3800","5.63","970017249000"
"267290","경동도시가스","KOSPI","전기가스업","23650","-150","-0.63","139426351900"
"012320","경동인베스트","KOSPI","기타금융","41150","-150","-0.36","97320696450"
"000050","경방","KOSPI","유통업","13200","-150","-1.12","361881564000"
"214390","경보제약","KOSPI","의약품","13200","50","0.38","315570552000"
"012610","경인양행","KOSPI","화학","6850","-30","-0.44","284592600250"
"009140","경인전자","KOSPI","전기전자","34700","800","2.36","54506655900"
"013580","계룡건설","KOSPI","건설업","33600","0","0.00","300078475200"
"012200","계양전기","KOSPI","기계","5090","30","0.59","165934000000"
"012205","계양전기우","KOSPI","기계","8480","40","0.47","11872000000"
"002140","고려산업","KOSPI","음식료품","4185","-45","-1.06","104371493625"
"010130","고려아연","KOSPI","철강금속","533000","-5000","-0.93","10057710000000"
"002240","고려제강","KOSPI","철강금속","24850","300","1.22","571550000000"
"009290","광동제약","KOSPI","의약품","8870","-60","-0.67","464972948370"
"017040","광명전기","KOSPI","전기전자","3560","-60","-1.66","154281909400"
"017900","광전자","KOSPI","전기전자","2740","-75","-2.66","158765910620"
"037710","광주신세계","KOSPI","유통업","186000","1000","0.54","297600000000"
"030610","교보증권","KOSPI","증권","8570","-50","-0.58","554078746720"
"339770","교촌에프앤비","KOSPI","유통업","20550","-300","-1.44","513391197000"
"007690","국도화학","KOSPI","화학","88500","0","0.00","514239516000"
"005320","국동","KOSPI","유통업","3520","-55","-1.54","188561676160"
"001140","국보","KOSPI","운수창고업","1460","-35","-2.34","89155689860"
"002720","국제약품","KOSPI","의약품","7250","-40","-0.55","139751652500"
"083420","그린케미칼","KOSPI","화학","12050","-200","-1.63","289200000000"
"014530","극동유화","KOSPI","화학","4650","-80","-1.69","162142803000"
"014280","금강공업","KOSPI","철강금속","8320","-140","-1.65","244020250240"
"014285","금강공업우","KOSPI","철강금속","23800","850","3.70","14039025000"
"008870","금비","KOSPI","비금속광물","77000","-700","-0.90","77000000000"
"001570","금양","KOSPI","화학","5110","-220","-4.13","244335222320"
"002990","금호건설","KOSPI","건설업","12700","-150","-1.17","465250834800"
"002995","금호건설우","KOSPI","건설업","36000","-100","-0.28","10521576000"
"011780","금호석유","KOSPI","화학","211500","-2000","-0.94","6443916646500"
"011785","금호석유우","KOSPI","화학","116000","-2000","-1.69","350724376000"
"214330","금호에이치티","KOSPI","운수장비","2310","-40","-1.70","289345196910"
"001210","금호전기","KOSPI","전기전자","2805","-45","-1.58","46191340305"
"073240","금호타이어","KOSPI","화학","6770","20","0.30","1944752142990"
"092440","기신정기","KOSPI","기계","5110","-120","-2.29","149212000000"
"000270","기아","KOSPI","운수장비","86100","-300","-0.35","34901784176700"
"024110","기업은행","KOSPI","은행","10350","0","0.00","7703511075450"
"013700","까뮤이앤씨","KOSPI","건설업","2480","-40","-1.59","111977654400"
"004540","깨끗한나라","KOSPI","종이목재","6340","0","0.00","236105993620"
"004545","깨끗한나라우","KOSPI","종이목재","30800","-700","-2.22","11277728000"
"001260","남광토건","KOSPI","건설업","16500","250","1.54","162176866500"
"008350","남선알미늄","KOSPI","철강금속","4090","-120","-2.85","450632478100"
"008355","남선알미우","KOSPI","철강금속","48300","-50","-0.10","14871087000"
"004270","남성","KOSPI","유통업","3505","-50","-1.41","126923620800"
"003920","남양유업","KOSPI","음식료품","641000","-2000","-0.31","461520000000"
"003925","남양유업우","KOSPI","음식료품","379500","-3000","-0.78","63248229000"
"025860","남해화학","KOSPI","화학","10650","690","6.93","529079677950"
"005720","넥센","KOSPI","화학","5160","-30","-0.58","276286921320"
"005725","넥센우","KOSPI","화학","3730","-40","-1.06","13430238000"
"002350","넥센타이어","KOSPI","화학","9280","10","0.11","906357898560"
"002355","넥센타이어1우B","KOSPI","화학","3905","5","0.13","25382500000"
"003580","넥스트사이언스","KOSPI","광업","27750","6400","29.98","1145620982250"
"251270","넷마블","KOSPI","서비스업","139500","1000","0.72","11990513529000"
"090350","노루페인트","KOSPI","화학","11950","-300","-2.45","239000000000"
"090355","노루페인트우","KOSPI","화학","31200","-1000","-3.11","14449531200"
"000320","노루홀딩스","KOSPI","기타금융","14400","0","0.00","191392574400"
"000325","노루홀딩스우","KOSPI","기타금융","77000","4000","5.48","14264250000"
"006280","녹십자","KOSPI","의약품","291500","-10000","-3.32","3406625827000"
"005250","녹십자홀딩스","KOSPI","서비스업","31600","-750","-2.32","1486091436000"
"005257","녹십자홀딩스2우","KOSPI","서비스업","72000","-3300","-4.38","60911280000"
"004370","농심","KOSPI","음식료품","322500","1500","0.47","1961652045000"
"072710","농심홀딩스","KOSPI","기타금융","79800","0","0.00","370095642000"
"058730","다스코","KOSPI","기계","6700","-430","-6.03","109210000000"
"023590","다우기술","KOSPI","서비스업","26950","-150","-0.55","1209155328150"
"019680","대교","KOSPI","서비스업","4810","-65","-1.33","407420708500"
"019685","대교우B","KOSPI","서비스업","3670","-75","-2.00","71297053300"
"006370","대구백화점","KOSPI","유통업","11750","-100","-0.84","127153929250"
"008060","대덕","KOSPI","기타금융","7820","-100","-1.26","265020973000"
"00806K","대덕1우","KOSPI","기타금융","12550","-400","-3.09","15215080350"
"353200","대덕전자","KOSPI","전기전자","16050","-400","-2.43","793141646250"
"35320K","대덕전자1우","KOSPI","전기전자","15650","-250","-1.57","32794872350"
"000490","대동","KOSPI","기계","12200","550","4.72","289484162000"
"008110","대동전자","KOSPI","전기전자","7180","-10","-0.14","75321409460"
"005750","대림B&Co","KOSPI","비금속광물","8520","-150","-1.73","142047484800"
"006570","대림통상","KOSPI","기계","4440","30","0.68","67599000000"
"001680","대상","KOSPI","음식료품","27050","-200","-0.73","937229076250"
"001685","대상우","KOSPI","음식료품","20750","-100","-0.48","28432127250"
"084690","대상홀딩스","KOSPI","기타금융","11200","0","0.00","405580425600"
"084695","대상홀딩스우","KOSPI","기타금융","13800","-150","-1.08","12606051600"
"128820","대성산업","KOSPI","유통업","5110","-100","-1.92","231153292580"
"117580","대성에너지","KOSPI","전기가스업","6440","100","1.58","177100000000"
"016710","대성홀딩스","KOSPI","서비스업","38450","-200","-0.52","618639698550"
"003540","대신증권","KOSPI","증권","18350","-250","-1.34","931691890000"
"003547","대신증권2우B","KOSPI","증권","16050","-150","-0.93","160500000000"
"003545","대신증권우","KOSPI","증권","16600","-150","-0.90","431600000000"
"009190","대양금속","KOSPI","철강금속","5650","20","0.36","171773379200"
"014160","대영포장","KOSPI","종이목재","3345","160","5.02","362579766405"
"047040","대우건설","KOSPI","건설업","7420","120","1.64","3083919973960"
"009320","대우부품","KOSPI","운수장비","2540","-35","-1.36","121021792500"
"042660","대우조선해양","KOSPI","운수장비","32750","-50","-0.15","3513769409750"
"003090","대웅","KOSPI","기타금융","36600","600","1.67","2127996468000"
"069620","대웅제약","KOSPI","의약품","164000","8000","5.13","1900198300000"
"000430","대원강업","KOSPI","운수장비","4070","40","0.99","252340000000"
"006340","대원전선","KOSPI","전기전자","2565","-95","-3.57","182158520355"
"006345","대원전선우","KOSPI","전기전자","4775","-325","-6.37","12516230000"
"003220","대원제약","KOSPI","의약품","15900","-150","-0.93","337474685700"
"024890","대원화성","KOSPI","화학","2960","-70","-2.31","122097489920"
"002880","대유에이텍","KOSPI","운수장비","1420","-5","-0.35","158281622020"
"000300","대유플러스","KOSPI","전기전자","1465","15","1.03","177263203910"
"012800","대창","KOSPI","철강금속","2575","-70","-2.65","234686784925"
"015230","대창단조","KOSPI","운수장비","8670","0","0.00","123860617050"
"001070","대한방직","KOSPI","섬유의복","43950","-50","-0.11","232935000000"
"006650","대한유화","KOSPI","화학","267000","-7500","-2.73","1735500000000"
"001440","대한전선","KOSPI","전기전자","2610","-50","-1.88","2235394553490"
"084010","대한제강","KOSPI","철강금속","21850","-250","-1.13","538531137900"
"001790","대한제당","KOSPI","음식료품","3200","-25","-0.78","287029056000"
"001795","대한제당우","KOSPI","음식료품","3870","-110","-2.76","25088281200"
"001130","대한제분","KOSPI","음식료품","173500","-500","-0.29","293215000000"
"003490","대한항공","KOSPI","운수창고업","30150","-250","-0.82","10486797873750"
"003495","대한항공우","KOSPI","운수창고업","39900","-300","-0.75","44320680600"
"005880","대한해운","KOSPI","운수창고업","3235","-55","-1.67","1032539083100"
"003830","대한화섬","KOSPI","화학","146500","0","0.00","194552000000"
"016090","대현","KOSPI","섬유의복","2855","-15","-0.52","126425995050"
"069460","대호에이엘","KOSPI","철강금속","4335","-160","-3.56","205946889555"
"192080","더블유게임즈","KOSPI","서비스업","61400","-900","-1.44","1128194422800"
"012510","더존비즈온","KOSPI","서비스업","84900","100","0.12","2575922118900"
"004830","덕성","KOSPI","화학","21000","-100","-0.47","329280000000"
"004835","덕성우","KOSPI","화학","30700","-1100","-3.46","42734400000"
"024900","덕양산업","KOSPI","운수장비","3545","-90","-2.48","115442854100"
"145720","덴티움","KOSPI","의료정밀","72600","100","0.14","803597058000"
"002150","도화엔지니어링","KOSPI","서비스업","8910","80","0.91","300445200000"
"001230","동국제강","KOSPI","철강금속","21250","0","0.00","2027945661250"
"023450","동남합성","KOSPI","화학","65100","-700","-1.06","235011000000"
"004140","동방","KOSPI","운수창고업","6400","-70","-1.08","255819302400"
"007590","동방아그로","KOSPI","화학","8500","10","0.12","115749404500"
"005960","동부건설","KOSPI","건설업","14300","150","1.06","324986061400"
"005965","동부건설우","KOSPI","건설업","46700","-300","-0.64","10541684400"
"026960","동서","KOSPI","유통업","30450","150","0.50","3035865000000"
"002210","동성제약","KOSPI","의약품","9500","-240","-2.46","247959215000"
"102260","동성케미컬","KOSPI","서비스업","6080","-60","-0.98","302113546240"
"000640","동아쏘시오홀딩스","KOSPI","기타금융","124500","1500","1.22","787857538500"
"170900","동아에스티","KOSPI","의약품","81400","-1100","-1.33","687330855200"
"028100","동아지질","KOSPI","건설업","20400","-100","-0.49","234600000000"
"282690","동아타이어","KOSPI","화학","12300","0","0.00","168916084500"
"001520","동양","KOSPI","비금속광물","2060","55","2.74","491689169780"
"001527","동양2우B","KOSPI","비금속광물","20500","-350","-1.68","6325664500"
"001529","동양3우B","KOSPI","비금속광물","56500","-1800","-3.09","5069293000"
"084670","동양고속","KOSPI","운수창고업","23700","-50","-0.21","68624985300"
"082640","동양생명","KOSPI","보험","5420","-120","-2.17","874563530700"
"001525","동양우","KOSPI","비금속광물","10400","100","0.97","6424402400"
"008970","동양철관","KOSPI","철강금속","1755","85","5.09","208643683950"
"092780","동양피스톤","KOSPI","운수장비","6600","-170","-2.51","86911836000"
"049770","동원F&B","KOSPI","음식료품","217500","5000","2.35","839359470000"
"018500","동원금속","KOSPI","운수장비","1010","-20","-1.94","47222482330"
"006040","동원산업","KOSPI","농업, 임업 및 어업","248000","-1500","-0.60","912054968000"
"030720","동원수산","KOSPI","농업, 임업 및 어업","9490","-200","-2.06","44164609450"
"014820","동원시스템즈","KOSPI","화학","43900","-350","-0.79","1124652632900"
"014825","동원시스템즈우","KOSPI","화학","37350","-100","-0.27","9911121300"
"163560","동일고무벨트","KOSPI","화학","9390","-60","-0.63","130521000000"
"004890","동일산업","KOSPI","철강금속","104500","-1000","-0.95","253434967500"
"002690","동일제강","KOSPI","철강금속","4545","-65","-1.41","68175000000"
"000020","동화약품","KOSPI","의약품","14450","50","0.35","403609741500"
"000150","두산","KOSPI","서비스업","99300","-500","-0.50","1640816815500"
"000157","두산2우B","KOSPI","서비스업","142000","-5000","-3.40","126811396000"
"241560","두산밥캣","KOSPI","기계","45050","-1850","-3.94","4516224928300"
"000155","두산우","KOSPI","서비스업","68900","-1000","-1.43","275356231800"
"042670","두산인프라코어","KOSPI","기계","16350","0","0.00","1280355877800"
"034020","두산중공업","KOSPI","기계","22550","-400","-1.74","11534090908450"
"336260","두산퓨얼셀","KOSPI","전기전자","48900","-50","-0.10","3202643201400"
"33626K","두산퓨얼셀1우","KOSPI","전기전자","16200","-50","-0.31","216500040000"
"33626L","두산퓨얼셀2우B","KOSPI","전기전자","21600","0","0.00","64504080000"
"016740","두올","KOSPI","운수장비","4610","-60","-1.28","133075394800"
"192650","드림텍","KOSPI","전기전자","12350","-50","-0.40","806371896850"
"024090","디씨엠","KOSPI","철강금속","19450","-50","-0.26","227565000000"
"003160","디아이","KOSPI","의료정밀","9240","-210","-2.22","291030293400"
"092200","디아이씨","KOSPI","운수장비","6470","-170","-2.56","251609041430"
"013570","디와이","KOSPI","기타금융","5840","-40","-0.68","153706656720"
"210540","디와이파워","KOSPI","기계","16800","150","0.90","185500694400"
"007340","디티알오토모티브","KOSPI","전기전자","39000","-600","-1.52","389766195000"
"026890","디피씨","KOSPI","전기전자","13500","-350","-2.53","562655362500"
"115390","락앤락","KOSPI","화학","13550","-100","-0.73","718253494900"
"032350","롯데관광개발","KOSPI","서비스업","19650","-50","-0.25","1361266758300"
"330590","롯데리츠","KOSPI","서비스업","5920","0","0.00","1438375793280"
"000400","롯데손해보험","KOSPI","보험","1855","-20","-1.07","575673873600"
"023530","롯데쇼핑","KOSPI","유통업","110000","1000","0.92","3111763050000"
"004000","롯데정밀화학","KOSPI","화학","72600","-1300","-1.76","1873080000000"
"286940","롯데정보통신","KOSPI","서비스업","41050","0","0.00","632019387550"
"280360","롯데제과","KOSPI","음식료품","142500","-2000","-1.38","914382172500"
"004990","롯데지주","KOSPI","기타금융","37900","50","0.13","3976060082300"
"00499K","롯데지주우","KOSPI","기타금융","58600","0","0.00","57874707800"
"005300","롯데칠성","KOSPI","음식료품","136000","1000","0.74","1261928224000"
"005305","롯데칠성우","KOSPI","음식료품","78400","0","0.00","60784304000"
"011170","롯데케미칼","KOSPI","화학","270000","1500","0.56","9254363130000"
"002270","롯데푸드","KOSPI","음식료품","436500","-4000","-0.91","527752507500"
"071840","롯데하이마트","KOSPI","유통업","35650","450","1.28","841614932800"
"027740","마니커","KOSPI","음식료품","683","-5","-0.73","135556781702"
"204320","만도","KOSPI","운수장비","61000","-500","-0.81","2864384320000"
"001080","만호제강","KOSPI","철강금속","22850","-200","-0.87","94827500000"
"088980","맥쿼리인프라","KOSPI","기타금융","12300","-50","-0.40","4577967565500"
"094800","맵스리얼티1","KOSPI","기타금융","4630","0","0.00","429822952530"
"138040","메리츠금융지주","KOSPI","기타금융","24000","950","4.12","3216271056000"
"008560","메리츠증권","KOSPI","증권","4950","50","1.02","3374566366050"
"000060","메리츠화재","KOSPI","보험","23850","500","2.14","2876906250000"
"090370","메타랩스","KOSPI","섬유의복","1175","-35","-2.89","76826567775"
"017180","명문제약","KOSPI","의약품","5660","190","3.47","192176549640"
"009900","명신산업","KOSPI","운수장비","30700","450","1.49","1610833083100"
"012690","모나리자","KOSPI","종이목재","5010","-110","-2.15","183221987550"
"005360","모나미","KOSPI","유통업","5750","-110","-1.88","108659515250"
"204210","모두투어리츠","KOSPI","서비스업","4205","-25","-0.59","32911757075"
"009680","모토닉","KOSPI","운수장비","11250","-150","-1.32","371250000000"
"009580","무림P&P","KOSPI","종이목재","5180","-70","-1.33","323067918320"
"009200","무림페이퍼","KOSPI","종이목재","3185","-50","-1.55","132525652350"
"033920","무학","KOSPI","음식료품","8150","-10","-0.12","232275000000"
"008420","문배철강","KOSPI","철강금속","5200","-60","-1.14","106618226000"
"025560","미래산업","KOSPI","의료정밀","15700","-50","-0.32","69896509900"
"007120","미래아이앤지","KOSPI","서비스업","646","-3","-0.46","83646759608"
"357250","미래에셋맵스리츠","KOSPI","서비스업","5010","15","0.30","100701000000"
"085620","미래에셋생명","KOSPI","보험","4030","-30","-0.74","713375241670"
"006800","미래에셋증권","KOSPI","증권","9070","100","1.11","5762319820560"
"00680K","미래에셋증권2우B","KOSPI","증권","4680","40","0.86","655200000000"
"006805","미래에셋증권우","KOSPI","증권","6190","-10","-0.16","87128892500"
"002840","미원상사","KOSPI","화학","211500","-2000","-0.94","1051155000000"
"268280","미원에스씨","KOSPI","화학","180000","0","0.00","918000000000"
"107590","미원홀딩스","KOSPI","기타금융","127500","1500","1.19","295800000000"
"134380","미원화학","KOSPI","화학","81400","-600","-0.73","179020415200"
"003650","미창석유","KOSPI","화학","83600","400","0.48","145436579200"
"155900","바다로19호","KOSPI","서비스업","2775","0","0.00","42180011100"
"003610","방림","KOSPI","섬유의복","2430","0","0.00","102823238700"
"001340","백광산업","KOSPI","화학","7060","-220","-3.02","317123953420"
"035150","백산","KOSPI","화학","10900","-500","-4.39","263780000000"
"002410","범양건영","KOSPI","건설업","8530","-970","-10.21","211816806460"
"096300","베트남개발1","KOSPI","기타금융","238","-1","-0.42","32767890218"
"007210","벽산","KOSPI","비금속광물","4435","-145","-3.17","304063600000"
"002760","보락","KOSPI","화학","2460","-65","-2.57","147354000000"
"003850","보령제약","KOSPI","의약품","17650","-250","-1.40","1017875500000"
"000890","보해양조","KOSPI","음식료품","1155","10","0.87","157987805745"
"003000","부광약품","KOSPI","의약품","20450","-100","-0.49","1453239352050"
"001270","부국증권","KOSPI","증권","24450","200","0.82","253543712700"
"001275","부국증권우","KOSPI","증권","22450","100","0.45","67350000000"
"026940","부국철강","KOSPI","철강금속","7650","40","0.53","153000000000"
"015350","부산가스","KOSPI","전기가스업","61700","-600","-0.96","678700000000"
"011390","부산산업","KOSPI","비금속광물","149500","5000","3.46","157872000000"
"005030","부산주공","KOSPI","운수장비","611","0","0.00","34735054887"
"002070","비비안","KOSPI","섬유의복","3610","-30","-0.82","107556303900"
"100220","비상교육","KOSPI","서비스업","11650","-350","-2.92","151412032650"
"030790","비케이탑스","KOSPI","서비스업","8510","-330","-3.73","111717994990"
"005180","빙그레","KOSPI","음식료품","60800","-400","-0.65","598955452800"
"003960","사조대림","KOSPI","음식료품","25400","-200","-0.78","232777461800"
"008040","사조동아원","KOSPI","음식료품","1415","15","1.07","199719609000"
"007160","사조산업","KOSPI","농업, 임업 및 어업","68300","1300","1.94","341500000000"
"014710","사조씨푸드","KOSPI","음식료품","6330","-150","-2.31","108993377190"
"006090","사조오양","KOSPI","음식료품","11600","-250","-2.11","109303772400"
"001470","삼부토건","KOSPI","건설업","3680","55","1.52","506170634240"
"006400","삼성SDI","KOSPI","전기전자","759000","-1000","-0.13","52192278270000"
"006405","삼성SDI우","KOSPI","전기전자","443500","-1500","-0.34","717536876000"
"006660","삼성공조","KOSPI","운수장비","28600","0","0.00","232412580400"
"028260","삼성물산","KOSPI","유통업","142500","4000","2.89","26631409042500"
"02826K","삼성물산우B","KOSPI","유통업","139000","3000","2.21","226212075000"
"207940","삼성바이오로직스","KOSPI","의약품","906000","-2000","-0.22","59945490000000"
"032830","삼성생명","KOSPI","보험","76100","500","0.66","15220000000000"
"018260","삼성에스디에스","KOSPI","서비스업","182500","-2500","-1.35","14121448500000"
"028050","삼성엔지니어링","KOSPI","서비스업","24250","400","1.68","4753000000000"
"009150","삼성전기","KOSPI","전기전자","188000","2000","1.08","14042414848000"
"009155","삼성전기우","KOSPI","전기전자","104500","0","0.00","303779828000"
"005930","삼성전자","KOSPI","전기전자","79200","700","0.89","472806777960000"
"005935","삼성전자우","KOSPI","전기전자","72400","-100","-0.14","59576997080000"
"001360","삼성제약","KOSPI","의약품","7260","-110","-1.49","487596693540"
"010140","삼성중공업","KOSPI","운수장비","6540","0","0.00","4120200000000"
"010145","삼성중공우","KOSPI","운수장비","289500","0","0.00","33247627500"
"016360","삼성증권","KOSPI","증권","43900","0","0.00","3920270000000"
"068290","삼성출판사","KOSPI","서비스업","40900","0","0.00","409000000000"
"029780","삼성카드","KOSPI","기타금융","34800","-350","-1.00","4031889406800"
"000810","삼성화재","KOSPI","보험","216000","1000","0.47","10232964792000"
"000815","삼성화재우","KOSPI","보험","162000","0","0.00","517104000000"
"006110","삼아알미늄","KOSPI","철강금속","15200","0","0.00","167200000000"
"145990","삼양사","KOSPI","음식료품","63800","0","0.00","657998046200"
"145995","삼양사우","KOSPI","음식료품","47350","-50","-0.11","17522814500"
"003230","삼양식품","KOSPI","음식료품","89900","100","0.11","677218048500"
"002170","삼양통상","KOSPI","기타제조업","76100","600","0.79","228300000000"
"272550","삼양패키징","KOSPI","화학","28050","-250","-0.88","398585002200"
"000070","삼양홀딩스","KOSPI","기타금융","115000","-2000","-1.71","984891165000"
"000075","삼양홀딩스우","KOSPI","기타금융","72900","-1100","-1.49","22165828200"
"002810","삼영무역","KOSPI","유통업","15950","-100","-0.62","294547820600"
"005680","삼영전자","KOSPI","전기전자","13400","-50","-0.37","268000000000"
"003720","삼영화학","KOSPI","화학","3380","-100","-2.87","114920000000"
"023000","삼원강재","KOSPI","운수장비","3530","-35","-0.98","141200000000"
"004380","삼익THK","KOSPI","기계","13350","-300","-2.20","280350000000"
"002450","삼익악기","KOSPI","기타제조업","1860","0","0.00","168387501900"
"004440","삼일씨엔에스","KOSPI","비금속광물","13250","100","0.76","168698297750"
"000520","삼일제약","KOSPI","의약품","9090","0","0.00","121904735580"
"009770","삼정펄프","KOSPI","종이목재","34450","-450","-1.29","86124000950"
"005500","삼진제약","KOSPI","의약품","27000","-150","-0.55","375300000000"
"004690","삼천리","KOSPI","전기가스업","89900","-300","-0.33","364546747500"
"010960","삼호개발","KOSPI","건설업","6200","-60","-0.96","155000000000"
"004450","삼화왕관","KOSPI","기계","44700","100","0.22","96300741300"
"009470","삼화전기","KOSPI","전기전자","33700","-1050","-3.02","222885734000"
"011230","삼화전자","KOSPI","전기전자","3995","-80","-1.96","41779470300"
"001820","삼화콘덴서","KOSPI","전기전자","59900","-800","-1.32","622660500000"
"000390","삼화페인트","KOSPI","화학","11450","0","0.00","311479720050"
"001290","상상인증권","KOSPI","증권","1260","-30","-2.33","122307108840"
"041650","상신브레이크","KOSPI","운수장비","4500","-70","-1.53","96621525000"
"075180","새론오토모티브","KOSPI","운수장비","7050","20","0.28","135360000000"
"007540","샘표","KOSPI","기타금융","55400","-1100","-1.95","159319320000"
"248170","샘표식품","KOSPI","음식료품","58000","-600","-1.02","264960588000"
"007860","서연","KOSPI","기타금융","15450","-450","-2.83","362763589800"
"200880","서연이화","KOSPI","운수장비","7810","-240","-2.98","211092092970"
"017390","서울가스","KOSPI","전기가스업","138000","500","0.36","690000000000"
"004410","서울식품","KOSPI","음식료품","416","9","2.21","153073809408"
"004415","서울식품우","KOSPI","음식료품","5250","0","0.00","11678625000"
"021050","서원","KOSPI","철강금속","3170","-15","-0.47","150494450300"
"008490","서흥","KOSPI","화학","54900","0","0.00","635144303700"
"007610","선도전기","KOSPI","전기전자","4485","-5","-0.11","80730000000"
"136490","선진","KOSPI","음식료품","15950","-350","-2.15","379284683800"
"014910","성문전자","KOSPI","전기전자","2430","-60","-2.41","47353062510"
"014915","성문전자우","KOSPI","전기전자","10250","-150","-1.44","6150000000"
"003080","성보화학","KOSPI","화학","4920","-170","-3.34","98498400000"
"004980","성신양회","KOSPI","비금속광물","11900","50","0.42","291741268700"
"004985","성신양회우","KOSPI","비금속광물","17900","400","2.29","13168045500"
"011300","성안","KOSPI","섬유의복","787","0","0.00","44747135820"
"000180","성창기업지주","KOSPI","서비스업","3140","5","0.16","219020024000"
"002420","세기상사","KOSPI","서비스업","6160","0","0.00","25107667200"
"004360","세방","KOSPI","운수창고업","13500","-150","-1.10","260667315000"
"004365","세방우","KOSPI","운수창고업","8330","30","0.36","30731452500"
"004490","세방전지","KOSPI","전기전자","90100","-700","-0.77","1261400000000"
"001430","세아베스틸","KOSPI","철강금속","30500","250","0.83","1093794629500"
"306200","세아제강","KOSPI","철강금속","103000","-1000","-0.96","292138900000"
"003030","세아제강지주","KOSPI","기타금융","79900","300","0.38","330918394300"
"019440","세아특수강","KOSPI","철강금속","16650","50","0.30","142690500000"
"058650","세아홀딩스","KOSPI","철강금속","103000","1000","0.98","412000000000"
"013000","세우글로벌","KOSPI","유통업","2470","0","0.00","70901426570"
"091090","세원이앤씨","KOSPI","기계","1060","-20","-1.85","75748786140"
"021820","세원정공","KOSPI","운수장비","8090","0","0.00","80900000000"
"067830","세이브존I&C","KOSPI","유통업","3600","-40","-1.10","147747222000"
"033530","세종공업","KOSPI","운수장비","10000","-50","-0.50","278209610000"
"075580","세진중공업","KOSPI","운수장비","6810","-30","-0.44","387144795360"
"027970","세하","KOSPI","종이목재","2100","5","0.24","120882293700"
"145210","세화아이엠씨","KOSPI","기계","777","-32","-3.96","122461272255"
"308170","센트랄모텍","KOSPI","운수장비","26450","-500","-1.86","227734500000"
"012600","센트럴인사이트","KOSPI","기계","2490","0","0.00","33838831080"
"068270","셀트리온","KOSPI","의약품","261500","-2000","-0.76","36065173641000"
"336370","솔루스첨단소재","KOSPI","전기전자","57600","-800","-1.37","1761970060800"
"33637K","솔루스첨단소재1우","KOSPI","전기전자","17150","-250","-1.44","126333760000"
"33637L","솔루스첨단소재2우B","KOSPI","전기전자","33850","50","0.15","55718792500"
"248070","솔루엠","KOSPI","전기전자","30500","100","0.33","1519069305500"
"004430","송원산업","KOSPI","화학","19400","-600","-3.00","465600000000"
"017550","수산중공업","KOSPI","기계","3840","-185","-4.60","207303025920"
"053210","스카이라이프","KOSPI","서비스업","10800","-400","-3.57","516477232800"
"134790","시디즈","KOSPI","기타제조업","69600","-1500","-2.11","139200000000"
"016590","신대양제지","KOSPI","종이목재","98500","2000","2.07","396933527000"
"029530","신도리코","KOSPI","전기전자","31750","300","0.95","320040920750"
"004970","신라교역","KOSPI","농업, 임업 및 어업","12700","0","0.00","203200000000"
"011930","신성이엔지","KOSPI","전기전자","2680","-25","-0.92","545552005080"
"005390","신성통상","KOSPI","유통업","3865","-205","-5.04","555432927350"
"004170","신세계","KOSPI","유통업","271500","-1000","-0.37","2672966641500"
"035510","신세계 I&C","KOSPI","서비스업","184500","500","0.27","317340000000"
"034300","신세계건설","KOSPI","건설업","44700","-600","-1.32","178800000000"
"031430","신세계인터내셔날","KOSPI","유통업","196000","-500","-0.25","1399440000000"
"031440","신세계푸드","KOSPI","서비스업","96000","-800","-0.83","371758080000"
"006880","신송홀딩스","KOSPI","유통업","5440","-60","-1.09","64348987520"
"005800","신영와코루","KOSPI","섬유의복","113000","0","0.00","101700000000"
"001720","신영증권","KOSPI","증권","64800","-100","-0.15","608228157600"
"001725","신영증권우","KOSPI","증권","65800","-300","-0.45","464137605400"
"009270","신원","KOSPI","섬유의복","2250","310","15.98","191345622750"
"009275","신원우","KOSPI","섬유의복","55200","1900","3.56","5008848000"
"002700","신일전자","KOSPI","유통업","2435","75","3.18","173000713635"
"019170","신풍제약","KOSPI","의약품","63600","400","0.63","3369845364000"
"019175","신풍제약우","KOSPI","의약품","85100","300","0.35","187220000000"
"002870","신풍제지","KOSPI","종이목재","3245","-20","-0.61","113440981500"
"293940","신한알파리츠","KOSPI","서비스업","7870","-20","-0.25","411838068010"
"055550","신한지주","KOSPI","기타금융","39700","1300","3.39","20509002293800"
"004080","신흥","KOSPI","유통업","15500","100","0.65","147250000000"
"102280","쌍방울","KOSPI","섬유의복","801","-11","-1.35","210336295329"
"003410","쌍용C&E","KOSPI","비금속광물","8030","40","0.50","4045992547850"
"003620","쌍용차","KOSPI","운수장비","2770","0","0.00","415056805540"
"004770","써니전자","KOSPI","전기전자","3380","-60","-1.74","117776137180"
"015540","쎌마테라퓨틱스","KOSPI","서비스업","6410","0","0.00","86229499400"
"004920","씨아이테크","KOSPI","기타제조업","1220","-40","-3.17","48741097180"
"112610","씨에스윈드","KOSPI","기계","83900","700","0.84","3538180711700"
"008700","아남전자","KOSPI","전기전자","3140","-50","-1.57","242171934800"
"002790","아모레G","KOSPI","화학","60000","400","0.67","4947490800000"
"00279K","아모레G3우(전환)","KOSPI","화학","42100","0","0.00","298581620000"
"002795","아모레G우","KOSPI","화학","22650","-50","-0.22","145951390500"
"090430","아모레퍼시픽","KOSPI","화학","236500","-500","-0.21","13825432885000"
"090435","아모레퍼시픽우","KOSPI","화학","84100","-800","-0.94","887913503000"
"002030","아세아","KOSPI","서비스업","126500","500","0.40","277164536000"
"183190","아세아시멘트","KOSPI","비금속광물","120000","1000","0.84","467497080000"
"002310","아세아제지","KOSPI","종이목재","54200","-300","-0.55","485442408400"
"012170","아센디오","KOSPI","서비스업","2440","-50","-2.01","154962438240"
"267850","아시아나IDT","KOSPI","서비스업","21800","100","0.46","241980000000"
"020560","아시아나항공","KOSPI","운수창고업","17900","-150","-0.83","1331970575600"
"122900","아이마켓코리아","KOSPI","유통업","11100","-300","-2.63","371060124000"
"010780","아이에스동서","KOSPI","비금속광물","54300","-400","-0.73","1677468505800"
"001780","알루코","KOSPI","철강금속","4870","-90","-1.81","407542935470"
"018250","애경산업","KOSPI","화학","25350","-300","-1.17","669491852250"
"161000","애경유화","KOSPI","화학","13200","-100","-0.75","422928000000"
"011090","에넥스","KOSPI","기타제조업","2985","-15","-0.50","179075048385"
"137310","에스디바이오센서","KOSPI","의료정밀","56400","-1600","-2.76","5824504309200"
"005850","에스엘","KOSPI","운수장비","32100","-450","-1.38","1547325191700"
"012750","에스원","KOSPI","서비스업","81100","-700","-0.86","3081733335800"
"023960","에쓰씨엔지니어링","KOSPI","건설업","6130","400","6.98","176731498310"
"298690","에어부산","KOSPI","운수창고업","3360","-35","-1.03","275755200000"
"140910","에이리츠","KOSPI","서비스업","11700","-100","-0.85","49343463000"
"078520","에이블씨엔씨","KOSPI","화학","9070","-120","-1.31","245193473130"
"015260","에이엔피","KOSPI","전기전자","2065","5","0.24","45071534585"
"007460","에이프로젠 MED","KOSPI","기계","2115","-20","-0.94","421213311450"
"003060","에이프로젠제약","KOSPI","의약품","1235","-20","-1.59","492241072245"
"244920","에이플러스에셋","KOSPI","기타금융","12150","200","1.67","274683469950"
"036570","엔씨소프트","KOSPI","서비스업","809000","3000","0.37","17760803798000"
"138250","엔에스쇼핑","KOSPI","유통업","12200","0","0.00","411091200000"
"380440","엔에이치스팩19호","KOSPI","기타금융","2255","5","0.22","115658950000"
"085310","엔케이","KOSPI","기계","1255","-10","-0.79","100379106760"
"009810","엔케이물산","KOSPI","유통업","902","-11","-1.20","71654167420"
"900140","엘브이엠씨홀딩스","KOSPI","유통업","3485","-45","-1.27","346601710045"
"097520","엠씨넥스","KOSPI","전기전자","47450","-1500","-3.06","847622220900"
"014440","영보화학","KOSPI","화학","5120","-60","-1.16","102400000000"
"111770","영원무역","KOSPI","유통업","39700","-300","-0.75","1759165279600"
"009970","영원무역홀딩스","KOSPI","기타금융","46600","-400","-0.85","635418587200"
"003520","영진약품","KOSPI","의약품","5610","-40","-0.71","1026028220910"
"000670","영풍","KOSPI","철강금속","691000","1000","0.14","1272849640000"
"006740","영풍제지","KOSPI","종이목재","8170","190","2.38","181374000000"
"012280","영화금속","KOSPI","운수장비","2280","-15","-0.65","121739471400"
"012160","영흥","KOSPI","철강금속","1225","-15","-1.21","124105205700"
"015360","예스코홀딩스","KOSPI","기타금융","37600","-50","-0.13","225600000000"
"007310","오뚜기","KOSPI","음식료품","528000","-5000","-0.94","1938805968000"
"002630","오리엔트바이오","KOSPI","의약품","1275","5","0.39","151193331375"
"271560","오리온","KOSPI","음식료품","117000","-500","-0.43","4625727444000"
"001800","오리온홀딩스","KOSPI","기타금융","16600","-150","-0.90","1039914005200"
"011690","와이투솔루션","KOSPI","전기전자","2440","0","0.00","359254954280"
"070960","용평리조트","KOSPI","서비스업","5800","140","2.47","279173331400"
"316140","우리금융지주","KOSPI","기타금융","11100","0","0.00","8017171281300"
"033660","우리금융캐피탈","KOSPI","기타금융","11450","-100","-0.87","658900440500"
"118000","우리들휴브레인","KOSPI","유통업","1710","-10","-0.58","91587873600"
"010050","우리종금","KOSPI","기타금융","995","-3","-0.30","869832388970"
"006980","우성사료","KOSPI","음식료품","35350","-500","-1.39","109231500000"
"017370","우신시스템","KOSPI","기계","5570","-10","-0.18","102009280780"
"105840","우진","KOSPI","의료정밀","9300","-240","-2.52","189009610200"
"010400","우진아이엔에스","KOSPI","건설업","8890","-40","-0.45","67759580000"
"049800","우진플라임","KOSPI","기계","4270","-155","-3.50","85400000000"
"016880","웅진","KOSPI","기타금융","2955","-185","-5.89","236184521400"
"095720","웅진씽크빅","KOSPI","서비스업","4130","-40","-0.96","477039718050"
"005820","원림","KOSPI","섬유의복","26300","-450","-1.68","60436611000"
"010600","웰바이오텍","KOSPI","유통업","2825","-90","-3.09","165763214300"
"008600","윌비스","KOSPI","유통업","2345","-30","-1.26","154235133640"
"033270","유나이티드제약","KOSPI","의약품","52500","-100","-0.19","852853155000"
"014830","유니드","KOSPI","화학","123500","1500","1.23","1097895610500"
"000910","유니온","KOSPI","비금속광물","7710","-160","-2.03","120365582490"
"047400","유니온머티리얼","KOSPI","비금속광물","3885","-80","-2.02","163170000000"
"011330","유니켐","KOSPI","기타제조업","1670","0","0.00","114746272810"
"077500","유니퀘스트","KOSPI","유통업","11100","-200","-1.77","303354397500"
"002920","유성기업","KOSPI","운수장비","3665","0","0.00","95097587500"
"000700","유수홀딩스","KOSPI","서비스업","6500","-30","-0.46","169271778000"
"003470","유안타증권","KOSPI","증권","4560","-55","-1.19","910160386560"
"003475","유안타증권우","KOSPI","증권","4925","-325","-6.19","63592644100"
"072130","유엔젤","KOSPI","서비스업","4535","-105","-2.26","59841383890"
"000220","유유제약","KOSPI","의약품","9790","230","2.41","163842150560"
"000225","유유제약1우","KOSPI","의약품","13400","-100","-0.74","30376862000"
"000227","유유제약2우B","KOSPI","의약품","26500","-300","-1.12","8627340000"
"001200","유진투자증권","KOSPI","증권","4115","-45","-1.08","398605310070"
"000100","유한양행","KOSPI","의약품","61700","0","0.00","4317331570300"
"000105","유한양행우","KOSPI","의약품","59700","100","0.17","70502118000"
"003460","유화증권","KOSPI","증권","2760","-30","-1.08","156498665400"
"003465","유화증권우","KOSPI","증권","2800","-45","-1.58","48933990000"
"008730","율촌화학","KOSPI","화학","20950","-100","-0.48","519560000000"
"008250","이건산업","KOSPI","종이목재","14900","-300","-1.97","163194261500"
"025820","이구산업","KOSPI","철강금속","4160","-100","-2.35","139118720000"
"214320","이노션","KOSPI","서비스업","62600","500","0.81","1252000000000"
"088260","이리츠코크렙","KOSPI","서비스업","5950","10","0.17","376882460500"
"139480","이마트","KOSPI","유통업","169500","3000","1.80","4724951320500"
"007660","이수페타시스","KOSPI","전기전자","3775","-40","-1.05","155788202450"
"005950","이수화학","KOSPI","화학","12000","300","2.56","326139528000"
"015020","이스타코","KOSPI","서비스업","4085","-210","-4.89","175048786000"
"093230","이아이디","KOSPI","유통업","543","1","0.18","419925000306"
"074610","이엔플러스","KOSPI","기계","3505","-165","-4.50","175142298360"
"102460","이연제약","KOSPI","의약품","54100","-1600","-2.87","973723015700"
"084680","이월드","KOSPI","기타제조업","3515","55","1.59","383234882240"
"350520","이지스레지던스리츠","KOSPI","서비스업","5090","-20","-0.39","104854000000"
"334890","이지스밸류리츠","KOSPI","서비스업","5610","30","0.54","134640000000"
"000760","이화산업","KOSPI","유통업","21150","-300","-1.40","59220000000"
"014990","인디에프","KOSPI","섬유의복","1750","225","14.75","103132741250"
"101140","인바이오젠","KOSPI","유통업","4660","-95","-2.00","240276110020"
"006490","인스코비","KOSPI","통신업","3530","-50","-1.40","380342861090"
"023800","인지컨트롤스","KOSPI","운수장비","15750","-600","-3.67","238772016000"
"034590","인천도시가스","KOSPI","전기가스업","28750","-100","-0.35","125774177500"
"129260","인터지스","KOSPI","운수창고업","3880","-55","-1.40","115421751120"
"023810","인팩","KOSPI","운수장비","13250","-250","-1.85","132500000000"
"249420","일동제약","KOSPI","의약품","15400","-50","-0.32","366570589000"
"000230","일동홀딩스","KOSPI","의약품","13500","-50","-0.37","155795400000"
"013360","일성건설","KOSPI","건설업","3980","25","0.63","215019022400"
"003120","일성신약","KOSPI","의약품","82000","-500","-0.61","218120000000"
"003200","일신방직","KOSPI","섬유의복","100000","-500","-0.50","240000000000"
"007110","일신석재","KOSPI","유통업","2970","-30","-1.00","230046131700"
"007570","일양약품","KOSPI","의약품","33200","-350","-1.04","633644044800"
"007575","일양약품우","KOSPI","의약품","34500","-450","-1.29","15355260000"
"008500","일정실업","KOSPI","섬유의복","20400","-100","-0.49","24480000000"
"081000","일진다이아","KOSPI","화학","46800","-2100","-4.29","664699230000"
"020760","일진디스플","KOSPI","전기전자","4305","-55","-1.26","148385971230"
"020150","일진머티리얼즈","KOSPI","전기전자","81200","-1800","-2.17","3744199802000"
"103590","일진전기","KOSPI","전기전자","6660","-60","-0.89","246955397400"
"015860","일진홀딩스","KOSPI","기타금융","5990","-170","-2.76","295591423170"
"226320","잇츠한불","KOSPI","화학","25200","-250","-0.98","552618738000"
"317400","자이에스앤디","KOSPI","서비스업","11250","800","7.66","436303350000"
"033240","자화전자","KOSPI","전기전자","20050","-300","-1.47","358895000000"
"000950","전방","KOSPI","섬유의복","39650","-700","-1.73","66612000000"
"348950","제이알글로벌리츠","KOSPI","서비스업","5310","10","0.19","879336000000"
"194370","제이에스코퍼레이션","KOSPI","기타제조업","18500","-50","-0.27","246708618500"
"025620","제이준코스메틱","KOSPI","화학","1780","-30","-1.66","66671181600"
"036420","제이콘텐트리","KOSPI","서비스업","48700","900","1.88","859109200200"
"030000","제일기획","KOSPI","서비스업","24700","500","2.07","2841518257500"
"271980","제일약품","KOSPI","의약품","40850","-400","-0.97","600694021200"
"001560","제일연마","KOSPI","비금속광물","8200","-70","-0.85","82000000000"
"002620","제일파마홀딩스","KOSPI","서비스업","21100","-150","-0.71","337037790500"
"006220","제주은행","KOSPI","은행","6610","-80","-1.20","212371196140"
"089590","제주항공","KOSPI","운수창고업","22600","-100","-0.44","870091299000"
"004910","조광페인트","KOSPI","화학","8400","-60","-0.71","107520000000"
"004700","조광피혁","KOSPI","기타제조업","55500","-300","-0.54","369027159000"
"001550","조비","KOSPI","화학","25950","150","0.58","134738602050"
"000480","조선내화","KOSPI","비금속광물","90800","-100","-0.11","363200000000"
"120030","조선선재","KOSPI","기계","121000","-1500","-1.22","152175771000"
"018470","조일알미늄","KOSPI","철강금속","1380","-75","-5.15","141368918100"
"002600","조흥","KOSPI","음식료품","193000","-1000","-0.52","115800000000"
"185750","종근당","KOSPI","의약품","130000","0","0.00","1485392870000"
"063160","종근당바이오","KOSPI","의약품","56100","-600","-1.06","307762468200"
"001630","종근당홀딩스","KOSPI","의약품","102000","-1500","-1.45","511005822000"
"044380","주연테크","KOSPI","전기전자","1720","-30","-1.71","93932793080"
"013890","지누스","KOSPI","기타제조업","99500","-1000","-1.00","1572144775000"
"013870","지엠비코리아","KOSPI","운수장비","6880","-50","-0.72","131217286400"
"071320","지역난방공사","KOSPI","전기가스업","41950","-100","-0.24","485728310800"
"010580","지코","KOSPI","운수장비","306","0","0.00","19761980616"
"035000","지투알","KOSPI","서비스업","6580","-40","-0.60","109013551220"
"088790","진도","KOSPI","유통업","4735","-70","-1.46","58940067840"
"003780","진양산업","KOSPI","화학","6410","280","4.57","83330000000"
"010640","진양폴리","KOSPI","화학","3900","50","1.30","39000000000"
"100250","진양홀딩스","KOSPI","화학","3315","15","0.45","185292892980"
"051630","진양화학","KOSPI","화학","4475","190","4.43","53700000000"
"272450","진에어","KOSPI","운수창고업","19650","-350","-1.75","884250000000"
"011000","진원생명과학","KOSPI","의약품","46350","-950","-2.01","2095553395800"
"002780","진흥기업","KOSPI","건설업","2510","-70","-2.71","365134079950"
"002787","진흥기업2우B","KOSPI","건설업","16150","-150","-0.92","4761149200"
"002785","진흥기업우B","KOSPI","건설업","7150","-40","-0.56","6129108700"
"009310","참엔지니어링","KOSPI","기계","1615","-55","-3.29","89678630860"
"000650","천일고속","KOSPI","운수창고업","72400","300","0.42","103475528000"
"033250","체시스","KOSPI","운수장비","1685","5","0.30","53920000000"
"035720","카카오","KOSPI","서비스업","148000","0","0.00","65780114040000"
"006380","카프로","KOSPI","화학","4655","-25","-0.53","186200000000"
"109070","컨버즈","KOSPI","종이목재","4100","0","0.00","59720214600"
"001620","케이비아이동국실업","KOSPI","운수장비","1215","15","1.25","105969842055"
"029460","케이씨","KOSPI","의료정밀","25650","-150","-0.58","347661228600"
"281820","케이씨텍","KOSPI","의료정밀","29150","-350","-1.19","608114357400"
"145270","케이탑리츠","KOSPI","서비스업","1495","-10","-0.66","69105069865"
"357120","코람코에너지리츠","KOSPI","서비스업","6040","-60","-0.98","420504800000"
"007815","코리아써우","KOSPI","전기전자","7670","-80","-1.03","22739172300"
"007810","코리아써키트","KOSPI","전기전자","14800","-100","-0.67","349587114800"
"00781K","코리아써키트2우B","KOSPI","전기전자","9290","-40","-0.43","7280563710"
"003690","코리안리","KOSPI","보험","9480","0","0.00","1141099219680"
"192820","코스맥스","KOSPI","화학","126500","-2000","-1.56","1435712888500"
"044820","코스맥스비티아이","KOSPI","기타금융","17950","-50","-0.28","172390381950"
"005070","코스모신소재","KOSPI","화학","41250","450","1.10","1230702495000"
"005420","코스모화학","KOSPI","화학","12550","-100","-0.79","347046543050"
"071950","코아스","KOSPI","기타제조업","1555","30","1.97","48060711550"
"002020","코오롱","KOSPI","기타금융","30650","-300","-0.97","386999956900"
"003070","코오롱글로벌","KOSPI","건설업","24350","-350","-1.42","613874165300"
"003075","코오롱글로벌우","KOSPI","건설업","35300","600","1.73","11041945900"
"144620","코오롱머티리얼","KOSPI","화학","2910","-30","-1.02","199796627850"
"002025","코오롱우","KOSPI","기타금융","20000","-250","-1.23","21527800000"
"120110","코오롱인더","KOSPI","화학","80200","-1200","-1.47","2163702968000"
"120115","코오롱인더우","KOSPI","화학","34300","-450","-1.29","94937598000"
"138490","코오롱플라스틱","KOSPI","화학","7260","-240","-3.20","275880000000"
"021240","코웨이","KOSPI","서비스업","85800","800","0.94","6332007310200"
"031820","콤텍시스템","KOSPI","서비스업","1310","-15","-1.13","88885420460"
"192400","쿠쿠홀딩스","KOSPI","기타금융","128000","3000","2.40","910391936000"
"284740","쿠쿠홈시스","KOSPI","서비스업","45600","-700","-1.51","1023142248000"
"015590","큐로","KOSPI","기계","593","-12","-1.98","137108501334"
"264900","크라운제과","KOSPI","음식료품","12150","-300","-2.41","152164777500"
"26490K","크라운제과우","KOSPI","음식료품","18000","-500","-2.70","13924080000"
"005740","크라운해태홀딩스","KOSPI","기타금융","11350","250","2.25","168517388450"
"005745","크라운해태홀딩스우","KOSPI","기타금융","18100","200","1.12","10873140600"
"020120","키다리스튜디오","KOSPI","서비스업","16100","-200","-1.23","533583495200"
"039490","키움증권","KOSPI","증권","118500","-500","-0.42","3104701066500"
"014580","태경비케이","KOSPI","비금속광물","7160","90","1.27","197494996000"
"015890","태경산업","KOSPI","화학","6920","20","0.29","202262950000"
"006890","태경케미컬","KOSPI","화학","20100","0","0.00","233160000000"
"003240","태광산업","KOSPI","화학","1107000","8000","0.73","1232533800000"
"011280","태림포장","KOSPI","종이목재","5180","140","2.78","366774769200"
"004100","태양금속","KOSPI","운수장비","1615","-25","-1.52","59270500000"
"004105","태양금속우","KOSPI","운수장비","3375","-35","-1.03","11137500000"
"009410","태영건설","KOSPI","건설업","12250","-50","-0.41","476513950500"
"009415","태영건설우","KOSPI","건설업","15300","-350","-2.24","19922772600"
"001420","태원물산","KOSPI","운수장비","5350","-40","-0.74","40660000000"
"007980","태평양물산","KOSPI","섬유의복","2460","-25","-1.01","118447984020"
"055490","테이팩스","KOSPI","화학","59300","2800","4.96","279756645000"
"078000","텔코웨어","KOSPI","서비스업","12400","0","0.00","120313554400"
"214420","토니모리","KOSPI","화학","8190","-60","-0.73","150562674990"
"019180","티에이치엔","KOSPI","전기전자","3585","-80","-2.18","64530000000"
"363280","티와이홀딩스","KOSPI","기타금융","32550","-500","-1.51","1307586068250"
"36328K","티와이홀딩스우","KOSPI","기타금융","27550","-400","-1.43","34584561900"
"091810","티웨이항공","KOSPI","운수창고업","3835","-30","-0.78","423116619965"
"004870","티웨이홀딩스","KOSPI","비금속광물","1325","-30","-2.21","102631184850"
"005690","파미셀","KOSPI","의약품","17200","-50","-0.29","1031293940000"
"036580","팜스코","KOSPI","음식료품","6990","-120","-1.69","256728321570"
"004720","팜젠사이언스","KOSPI","의약품","11750","400","3.52","172876962750"
"028670","팬오션","KOSPI","운수창고업","7510","-190","-2.47","4014617035120"
"010820","퍼스텍","KOSPI","기계","2540","-70","-2.68","122076108400"
"016800","퍼시스","KOSPI","기타제조업","36150","-600","-1.63","415725000000"
"001020","페이퍼코리아","KOSPI","종이목재","2220","5","0.23","83832379260"
"090080","평화산업","KOSPI","운수장비","1700","-45","-2.58","93333840300"
"010770","평화홀딩스","KOSPI","운수장비","4880","-110","-2.20","71372274080"
"058430","포스코강판","KOSPI","철강금속","70900","1000","1.43","425400000000"
"047050","포스코인터내셔널","KOSPI","유통업","26200","-50","-0.19","3232428903800"
"003670","포스코케미칼","KOSPI","비금속광물","153000","500","0.33","11851872660000"
"007630","폴루스바이오팜","KOSPI","유통업","1225","0","0.00","55134426375"
"017810","풀무원","KOSPI","음식료품","19100","-100","-0.52","728102294900"
"103140","풍산","KOSPI","철강금속","39500","-100","-0.25","1106958981000"
"005810","풍산홀딩스","KOSPI","기타금융","27950","0","0.00","290946307600"
"950210","프레스티지바이오파마","KOSPI","서비스업","28300","50","0.18","1700721186500"
"086790","하나금융지주","KOSPI","기타금융","44750","600","1.36","13435832274500"
"293480","하나제약","KOSPI","의약품","21600","-100","-0.46","383895633600"
"039130","하나투어","KOSPI","서비스업","76100","-600","-0.78","1060771978500"
"172580","하이골드12호","KOSPI","서비스업","2570","0","0.00","33524365000"
"153360","하이골드3호","KOSPI","서비스업","1965","0","0.00","31734337350"
"352820","하이브","KOSPI","서비스업","299000","500","0.17","11661842283000"
"071090","하이스틸","KOSPI","철강금속","3750","205","5.78","74997900000"
"019490","하이트론","KOSPI","전기전자","7460","-180","-2.36","54617226240"
"000080","하이트진로","KOSPI","음식료품","34450","-100","-0.29","2416102898950"
"000087","하이트진로2우B","KOSPI","음식료품","21600","-150","-0.69","24410980800"
"000140","하이트진로홀딩스","KOSPI","기타금융","15450","-200","-1.28","358544519250"
"000145","하이트진로홀딩스우","KOSPI","기타금융","19800","-150","-0.75","9322038000"
"152550","한국ANKOR유전","KOSPI","기타금융","1580","0","0.00","110631600000"
"036460","한국가스공사","KOSPI","전기가스업","35850","100","0.28","3309421050000"
"005430","한국공항","KOSPI","운수창고업","46500","-200","-0.43","147235507500"
"071050","한국금융지주","KOSPI","기타금융","98100","-800","-0.81","5466719815200"
"071055","한국금융지주우","KOSPI","기타금융","77100","-1800","-2.28","451671152100"
"010040","한국내화","KOSPI","비금속광물","4835","70","1.47","198559244770"
"025540","한국단자","KOSPI","전기전자","96200","200","0.21","1001923000000"
"004090","한국석유","KOSPI","비금속광물","15000","-250","-1.64","190411800000"
"002200","한국수출포장","KOSPI","종이목재","28350","-200","-0.70","113400000000"
"002960","한국쉘석유","KOSPI","화학","275000","-2000","-0.72","357500000000"
"000240","한국앤컴퍼니","KOSPI","기타금융","18100","-100","-0.55","1718327844000"
"123890","한국자산신탁","KOSPI","기타금융","4590","95","2.11","569057881680"
"015760","한국전력","KOSPI","전기가스업","24950","200","0.81","16017003721150"
"006200","한국전자홀딩스","KOSPI","기타금융","1405","-20","-1.40","65758406080"
"009540","한국조선해양","KOSPI","운수장비","133000","3000","2.31","9412824428000"
"023350","한국종합기술","KOSPI","서비스업","9230","-120","-1.28","101068500000"
"025890","한국주강","KOSPI","기계","3120","-120","-3.70","35284888080"
"000970","한국주철관","KOSPI","철강금속","10200","50","0.49","232565100000"
"104700","한국철강","KOSPI","철강금속","9240","-50","-0.54","425502000000"
"017960","한국카본","KOSPI","기계","11700","-100","-0.85","514340856900"
"161890","한국콜마","KOSPI","화학","55400","-700","-1.25","1267617372000"
"024720","한국콜마홀딩스","KOSPI","기타금융","29000","0","0.00","538724851000"
"161390","한국타이어앤테크놀로지","KOSPI","화학","48900","-250","-0.51","6057490874100"
"034830","한국토지신탁","KOSPI","기타금융","2220","15","0.68","560526090600"
"007280","한국특강","KOSPI","철강금속","3910","-5","-0.13","208178081160"
"168490","한국패러랠","KOSPI","기타금융","2020","0","0.00","161640400000"
"010100","한국프랜지","KOSPI","운수장비","3385","-30","-0.88","103074671700"
"047810","한국항공우주","KOSPI","운수장비","33150","-250","-0.75","3231299797050"
"123690","한국화장품","KOSPI","유통업","10950","-100","-0.90","175944600000"
"003350","한국화장품제조","KOSPI","화학","33300","-350","-1.04","150915600000"
"011500","한농화성","KOSPI","화학","15450","-450","-2.83","241592298900"
"002390","한독","KOSPI","의약품","27050","0","0.00","372303567650"
"014790","한라","KOSPI","건설업","5650","0","0.00","219643422300"
"060980","한라홀딩스","KOSPI","기타금융","45000","-300","-0.66","471243150000"
"053690","한미글로벌","KOSPI","서비스업","11450","-250","-2.14","125463947500"
"042700","한미반도체","KOSPI","기계","38250","150","0.39","1891840295250"
"008930","한미사이언스","KOSPI","기타금융","73600","-700","-0.94","4953619369600"
"128940","한미약품","KOSPI","의약품","323500","-3000","-0.92","3907324227000"
"009240","한샘","KOSPI","유통업","119500","-2000","-1.65","2812304396000"
"020000","한섬","KOSPI","섬유의복","39000","-300","-0.76","960570000000"
"003680","한성기업","KOSPI","음식료품","8270","-180","-2.13","51352689050"
"105630","한세실업","KOSPI","섬유의복","21200","-250","-1.17","848000000000"
"069640","한세엠케이","KOSPI","유통업","9890","-810","-7.57","127673194580"
"016450","한세예스24홀딩스","KOSPI","섬유의복","11450","-300","-2.55","458000000000"
"010420","한솔PNS","KOSPI","유통업","2730","-90","-3.19","55945922760"
"009180","한솔로지스틱스","KOSPI","운수창고업","4265","-75","-1.73","117191217625"
"213500","한솔제지","KOSPI","종이목재","16200","100","0.62","385569331200"
"014680","한솔케미칼","KOSPI","화학","261000","-17000","-6.12","2958485895000"
"004710","한솔테크닉스","KOSPI","전기전자","8550","-60","-0.70","274539456900"
"004150","한솔홀딩스","KOSPI","기타금융","4450","10","0.23","186938167650"
"025750","한솔홈데코","KOSPI","종이목재","2140","-20","-0.93","172409418860"
"004960","한신공영","KOSPI","건설업","23900","-500","-2.05","276539777800"
"011700","한신기계","KOSPI","기계","3990","-215","-5.11","129460142490"
"001750","한양증권","KOSPI","증권","16100","-200","-1.23","204929397400"
"001755","한양증권우","KOSPI","증권","22900","-450","-1.93","12022500000"
"018880","한온시스템","KOSPI","기계","15750","-150","-0.94","8407350000000"
"009420","한올바이오파마","KOSPI","의약품","22650","-400","-1.74","1183250450700"
"014130","한익스프레스","KOSPI","운수창고업","7130","-240","-3.26","85560000000"
"300720","한일시멘트","KOSPI","비금속광물","174500","4500","2.65","1208613873000"
"002220","한일철강","KOSPI","철강금속","3000","45","1.52","80092380000"
"006390","한일현대시멘트","KOSPI","비금속광물","37250","1150","3.19","662101428750"
"003300","한일홀딩스","KOSPI","비금속광물","13450","50","0.37","387572241000"
"051600","한전KPS","KOSPI","건설업","43050","400","0.94","1937250000000"
"052690","한전기술","KOSPI","서비스업","55100","1000","1.85","2105922000000"
"130660","한전산업","KOSPI","서비스업","13600","-400","-2.86","443360000000"
"002320","한진","KOSPI","운수창고업","40850","-100","-0.24","610610603800"
"097230","한진중공업","KOSPI","건설업","8170","-10","-0.12","680350875770"
"003480","한진중공업홀딩스","KOSPI","전기가스업","5690","-70","-1.22","168024630280"
"180640","한진칼","KOSPI","운수창고업","67300","500","0.75","4491518884500"
"18064K","한진칼우","KOSPI","운수창고업","42000","-950","-2.21","22544172000"
"005110","한창","KOSPI","유통업","1790","10","0.56","119554581510"
"009460","한창제지","KOSPI","종이목재","2565","35","1.38","153047101590"
"000880","한화","KOSPI","화학","30100","0","0.00","2256257923500"
"00088K","한화3우B","KOSPI","화학","15100","-50","-0.33","339327200000"
"088350","한화생명","KOSPI","보험","3430","5","0.15","2979057900000"
"000370","한화손해보험","KOSPI","보험","4575","-30","-0.65","534080536125"
"009830","한화솔루션","KOSPI","화학","41750","-550","-1.30","7985877249750"
"009835","한화솔루션우","KOSPI","화학","49950","-950","-1.87","56130663150"
"272210","한화시스템","KOSPI","전기전자","16750","-200","-1.18","3164399765750"
"012450","한화에어로스페이스","KOSPI","운수장비","50100","-800","-1.57","2536563000000"
"000885","한화우","KOSPI","화학","43500","-100","-0.23","20849289000"
"003530","한화투자증권","KOSPI","증권","4760","70","1.49","1021247409000"
"003535","한화투자증권우","KOSPI","증권","15200","100","0.66","72960000000"
"195870","해성디에스","KOSPI","전기전자","43150","-1200","-2.71","733550000000"
"101530","해태제과식품","KOSPI","음식료품","10350","-500","-4.61","301359107700"
"143210","핸즈코퍼레이션","KOSPI","운수장비","6100","10","0.16","133365934800"
"000720","현대건설","KOSPI","건설업","55400","700","1.28","6169109381000"
"267270","현대건설기계","KOSPI","기계","58500","2600","4.65","1152496390500"
"000725","현대건설우","KOSPI","건설업","208000","2000","0.97","20562048000"
"005440","현대그린푸드","KOSPI","유통업","10050","50","0.50","981930044100"
"086280","현대글로비스","KOSPI","운수창고업","199000","-4000","-1.97","7462500000000"
"064350","현대로템","KOSPI","운수장비","24150","350","1.47","2635786375950"
"079430","현대리바트","KOSPI","기타제조업","19750","-250","-1.25","405571819500"
"012330","현대모비스","KOSPI","운수장비","272500","1000","0.37","25831118115000"
"010620","현대미포조선","KOSPI","운수장비","83600","2100","2.58","3339163656400"
"069960","현대백화점","KOSPI","유통업","81000","0","0.00","1895597721000"
"004560","현대비앤지스틸","KOSPI","철강금속","22150","-50","-0.23","333995663650"
"004565","현대비앤지스틸우","KOSPI","철강금속","91900","-1000","-1.08","10095398800"
"004310","현대약품","KOSPI","의약품","6630","-90","-1.34","212160000000"
"322000","현대에너지솔루션","KOSPI","전기전자","30550","-400","-1.29","342160000000"
"017800","현대엘리베이","KOSPI","기계","53000","700","1.34","2163205123000"
"307950","현대오토에버","KOSPI","서비스업","126500","5000","4.12","3469133723000"
"011210","현대위아","KOSPI","운수장비","95600","-1600","-1.65","2599849934800"
"267260","현대일렉트릭","KOSPI","전기전자","22900","-250","-1.08","825479391500"
"004020","현대제철","KOSPI","철강금속","54100","700","1.31","7219416968500"
"267250","현대중공업지주","KOSPI","화학","68900","700","1.03","5442623556500"
"005380","현대차","KOSPI","운수장비","222500","-2500","-1.11","47541171607500"
"005387","현대차2우B","KOSPI","운수장비","106000","-1000","-0.93","3867457806000"
"005389","현대차3우B","KOSPI","운수장비","99900","-100","-0.10","242630626500"
"005385","현대차우","KOSPI","운수장비","108000","-1500","-1.37","2630521980000"
"001500","현대차증권","KOSPI","증권","12850","0","0.00","404936421700"
"011760","현대코퍼레이션","KOSPI","유통업","19550","-50","-0.26","258626285300"
"227840","현대코퍼레이션홀딩스","KOSPI","유통업","14750","-150","-1.01","134237331000"
"126560","현대퓨처넷","KOSPI","서비스업","4505","-115","-2.49","508509064980"
"001450","현대해상","KOSPI","보험","25650","500","1.99","2293110000000"
"057050","현대홈쇼핑","KOSPI","유통업","82900","-200","-0.24","994800000000"
"093240","형지엘리트","KOSPI","섬유의복","4640","-130","-2.73","144558262720"
"003010","혜인","KOSPI","유통업","6830","-60","-0.87","86828062010"
"111110","호전실업","KOSPI","섬유의복","13500","-450","-3.23","108000000000"
"008770","호텔신라","KOSPI","유통업","93600","-100","-0.11","3673624125600"
"008775","호텔신라우","KOSPI","유통업","96200","400","0.42","72330759800"
"002460","화성산업","KOSPI","건설업","12950","-100","-0.77","161237860000"
"378850","화승알앤에이","KOSPI","운수장비","6040","-30","-0.49","114721482920"
"241590","화승엔터프라이즈","KOSPI","기타제조업","16350","0","0.00","990263533950"
"006060","화승인더","KOSPI","화학","7300","70","0.97","403836000000"
"013520","화승코퍼레이션","KOSPI","운수장비","3230","180","5.90","161665543960"
"010690","화신","KOSPI","운수장비","10000","30","0.30","349204100000"
"133820","화인베스틸","KOSPI","철강금속","3020","-75","-2.42","89241000000"
"010660","화천기계","KOSPI","기계","2770","-5","-0.18","60940000000"
"000850","화천기공","KOSPI","기계","37350","0","0.00","82170000000"
"016580","환인제약","KOSPI","의약품","21450","-150","-0.69","398971501500"
"032560","황금에스티","KOSPI","철강금속","10150","0","0.00","162400000000"
"004800","효성","KOSPI","기타금융","120000","2000","1.69","2528523000000"
"094280","효성ITX","KOSPI","서비스업","22750","-600","-2.57","262949050000"
"298040","효성중공업","KOSPI","전기전자","80000","-1700","-2.08","745963840000"
"298050","효성첨단소재","KOSPI","화학","602000","5000","0.84","2696928696000"
"298020","효성티앤씨","KOSPI","화학","886000","10000","1.14","3834326252000"
"298000","효성화학","KOSPI","화학","399500","-9500","-2.32","1274455337000"
"093370","후성","KOSPI","화학","12700","-300","-2.31","1176106601300"
"081660","휠라홀딩스","KOSPI","유통업","52100","-200","-0.38","3165190766200"
"005870","휴니드","KOSPI","전기전자","7340","-250","-3.29","103611550100"
"079980","휴비스","KOSPI","화학","12350","-350","-2.76","426075000000"
"005010","휴스틸","KOSPI","철강금속","13950","-50","-0.36","106797921750"
"069260","휴켐스","KOSPI","화학","24300","-200","-0.82","993349688400"
"000540","흥국화재","KOSPI","보험","4180","-30","-0.71","268534256100"
"000547","흥국화재2우B","KOSPI","보험","29500","-200","-0.67","4531200000"
"000545","흥국화재우","KOSPI","보험","10550","-50","-0.47","8102400000"
"003280","흥아해운","KOSPI","운수창고업","1035","0","0.00","247494403980"